{
    "optimal_threshold": 0.8200000000000005,
    "balanced_accuracy": 0.7304421768707483,
    "accuracy": 0.819672131147541,
    "recall": 0.8775510204081632,
    "specificity": 0.5833333333333334
}